Redirect 301 "/diensten/bijzondere-momenten/" "/diensten/speciale-gelegenheden/"
Redirect 301 "/diensten/administratie-financien/" "/diensten/administratie-en-financien/"
Redirect 301 "/diensten/respijtzorg-vervangende-zorg/" "/diensten/respijtzorg/"
Redirect 301 "/wandelen/" "/actueel/voorkom-eenzaamheid-ouderen/"
Redirect 301 "/begeleiding-dementie-thuis/" "/actueel/thuis-blijven-wonen-met-dementie/"
Redirect 301 "/klaar-voor-de-dag-onze-langer-thuis-wonen-service/" "/actueel/langer-thuis-blijven-wonen/"
Redirect 301 "/douchen/" "/actueel/ouderen-wassen-en-aankleden/"
Redirect 301 "/zorg-thuis/" "/actueel/zorg-aan-huis/"
Redirect 301 "/een-eerste-kennismaking/" "/actueel/kennismakingsgesprek/"
Redirect 301 "/de-uitvaart-van-buurman-sjors/" "/actueel/de-uitvaart-van-buurman-sjors/"
Redirect 301 "/pasfotos-maken/" "/actueel/pasfotos-maken/"
Redirect 301 "/mantelzorg-held-en-filmheld/" "/actueel/mantelzorg-held-en-filmheld/"
Redirect 301 "/simon-komt/" "/actueel/simon-komt/"
Redirect 301 "/nieuwe-rollator/" "/actueel/nieuwe-rollator/"
Redirect 301 "/witte-stokken-dag/" "/actueel/witte-stokken-dag/"
Redirect 301 "/boodschappen/" "/actueel/boodschappen/"
Redirect 301 "/mevrouw-s-is-erg-vergeetachtig/" "/actueel/mevrouw-is-erg-vergeetachtig/"
Redirect 301 "/de-verhuizing/" "/actueel/de-verhuizing/"
